{
  "name": "远征一号",
  "description": "火星上基础核心，一旦摧毁游戏结束",
  "alwaysUnlocked": true,
  "requirements": [
    { "amount": 1000, "item": "土钢" },
    { "amount": 600, "item": "lead" },
    { "amount": 100, "item": "silicon" },
    { "amount": 100, "item": "graphite" }
  ],
  "research": {
    "root": true,
    "name": "火星",
    "planet": "mars",
    "requiresUnlock": false
  },
  "unitType": "德尔塔",
  "health": 500,
  "itemCapacity": 4000,
  "size": 4,
  "unitCapModifier": 15,
  "category": "effect"
}
