{
	"name": "红沙",
	"description": "荒凉的火星上最常见的物质，富含氧化铁等多种物质。",
	"details":"[red]不久前人们意识到，这可能来源于原先发达的火星文明。某种原因导致他们转入地表之下后，遗弃建筑或许被仍然存在的大气风化，或许被地表遗弃建筑的热核反应堆或其他更“有力”的设备因高温爆炸融化后形成——近期对火星探索的进步也恰好证实了这一点：地表上并不全是被红沙覆盖，一些靠近峡谷、干涸河床等等有水流痕迹的地区附近的红沙厚度较高，类似蒸发海洋的海底有不少正常的纯沙，其他部分则很少有红沙的存在。",
	"cost":1,
	"color": "EC9532FF",
	"alwaysUnlocked":false,   
	"hardness":"2",
	"radioactivity": 0,
	"explosiveness": 0,
	"flammability": 0,
	"research": "sand"
}
