{
	"type":"PowerTurret",
	"name":"基洛诺",
	"description":"[blue]恒星的力量，哪怕只有几秒钟",
	"details":"激光横跨整张地图，电力消耗较大",
	"size":6,
	"health":1500
	"shoot": {
        "type": "ShootPattern",
        "firstShotDelay": 60
        "reload":90,
    },
	"canOverdrive": true,
	"targetAir": true,
	"targetGround": true,
	"range": 5500,
	"shootSound":"lancer",
	"coolantMultiplier":0.8
	"rotateSpeed":4
	"drawer": [
	/*{
            "effect": "dynamicSpikes",
            "rotation": 40,
            "color": "8B9BB4FF",
            "type": "WrapEffect"
        }*/
        
	{
"type":"DrawPulseShape",
"color":"77B3EE",
"stroke":1,
"timeScl":120,
"minStroke":0,
"layer":59,
"square":false
}
	{
"type":"DrawPulseShape",
"color":"77B3EE",
"stroke":3,
"timeScl":60,
"minStroke":0,
"layer":59,
"square":false
}
        {"type": "DrawTurret",
        "parts": [   
{
                "type": "HaloPart",
                "color": "8B9BB4FF",
                "tri": true,
                "hollow": true,
                "shapes": 4,
                "triLength": 0,
                "triLengthTo": 2,
                "radius": 7,
                "radiusTo": 7,
                "haloRadius": 17,
                "shapeRotation": 180,
                "haloRotateSpeed": 0.9,
                "haloRotation": 0,
                "layer": 110,
                "y": 0
            },
            {
                "type": "HaloPart",
                "color": "8B9BB4FF",
                "tri": true,
                "hollow": true,
                "shapes": 4,
                "triLength": 0,
                "triLengthTo": 5,
                "radius": 7,
                "radiusTo": 7,
                "haloRadius": 30,
                "haloRotateSpeed": -0.9,
                "haloRotation": 0,
                "layer": 110,
                "y": 0
                },
{
                "type": "HoverPart",
                "color": "8B9BB4FF",
                "radius": 7,
                "haloRadius": 17,
                "layer": 110,
                "y": -2
            },
{
                "type": "FlarePart",
                "color": "8B9BB4FF",
                "followRotation": true,
                "radius": 7,
                "radiusTo": 7,
                "haloRadius": 17,
                "layer": 110,
                "y": 23
            },
           
     ]}
    ],
    "hitEffect": {
"type": "MultiEffect",
	"effects": [
	{"type": "ParticleEffect",
        "particles": 8,
        "sizeFrom": 8,
        "sizeTo": 0,
        "length": 35,
        "baseLength": 13,
        "lifetime": 355,
        "colorFrom": "FFFFFF",
        "colorTo": "FFFFFF",
        "cone": 360},
        ]
        },
	"consumes": 
	{"power": 700,
        "coolant":{"amount":1,"optional":true}  
                },
	"shootCone":40,
	"recoilAmount": 0
	"xRand": 2,
	"shootSound":"laser",
	"ammoPerShot":4
	"smokeEffect":"bigShockwave"
	"shootType":  {     
     "type": "LaserBulletType",
     "smokeEffect":"smokeCloud"
     "status": "光炫减速",
     "damage":650
     "width": 10,
	 "length":5500,
     "lifetime":60
     "speed":0
	 "colors":["69E0C7FF" "69E0C7FF" "69E0C760"]
	 },
	"requirements": [
	{ "item":"copper","amount": 1000 },
	{ "item":"lead","amount": 1000 },
	{ "item":"titanium","amount": 1000 },
	{ "item":"精炼钢","amount":1000},
	{ "item":"型钢锭", "amount":500 },
	{ "item":"镧壳", "amount":500 },
	{ "item":"镍", "amount":500 },
	],
    "category": "turret",
	"research": "foreshadow"
}